Feature Extractor,CNN_Acc,CNN_F1
Wav2Vec2,0.8478260869565217,0.7835144927536232
