Feature Extractor,FCN_Acc,FCN_F1
WAV2VEC2,0.8369565217391305,0.7626704399279649
